Designator,Footprint,Quantity,Value,LCSC Part #
"C1, C4",0402,2,15pF,
"C10, C101, C11, C13, C14, C15, C19, C2, C21, C26, C30, C31, C36, C39, C43, C44, C49, C59, C60, C66, C79, C98",0805,22,10uF,
"C100, C96, C99",0402,3,0.1uF,
"C102, C23, C25, C3, C33, C40, C42, C47, C5, C51, C56, C57, C6, C61, C69, C7, C70, C72, C73, C74, C75, C76, C77, C78, C8, C81, C82, C86, C88, C9",0402,30,0.1uF,
"C103, C104, C37, C38, C45, C46, C50, C52, C53, C62, C63, C65, C83, C84, C85, C91, C93",0805,17,22uF,
"C105, C27, C28, C29, C80",0603,5,4.7uF,
"C12, C97",CP_EIA-3528-21_Kemet-B,2,100uF,
"C16, C17",CP_EIA-6032-28_Kemet-C,2,470uF,
"C18, C20",0402,2,100pF,
"C22, C32",0402,2,22pF,
"C24, C41, C71",0402,3,100nF,
"C309, C312",0805,2,10uF,CL21A106KBYQNNE
C310,0603,1,2.2uF,
C311,0402,1,220pF,
"C34, C35",0402,2,33pF,
"C48, C58",CP_EIA-3528-21_Kemet-B,2,100uF,
C64,0603,1,0.1uF,
"C67, C68",0402,2,1uF,
C87,0603,1,2.2uF,
C90,0402,1,8.2nF,
C92,0402,1,1nF,
C94,0402,1,47pF,
C95,0402,1,1uF,
"D1, D11, D12, D13, D14, D15, D16, D17, D18, D20, D21, D22, D25, D26, D27, D30, D31, D32, D33, D35, D36, D37, D40, D41, D42, D43, D45, D46, D47, D48, D50, D51, D52, D53, D6, D7, D77, D8, D81, D9",D_SOD-882D,40,D,"BAS16L,315"
D10,D_SOD-128,1,"PMEG4030EP,115",
D19,LED-SMD_XL-1606,1,LD1,
D2,D_SOD-123,1,"PMEG2010ER,115",
D23,LED-SMD_XL-1606,1,LD2,
D24,LED-SMD_XL-1606,1,LD3,
D28,LED-SMD_XL-1606,1,LD4,
"D29, D34, D38, D39, D44, D49, D54, D55, D56, D57, D58, D59, D60, D61, D62, D63, D64, D65, D66, D67, D68, D69, D70, D71, D72, D73, D74, D76, D78, D79, D80, D82, D83, D84, D85, D86, D87",0402,37,LED,
D3,LED-SMD_XL-1606,1,Pi ACT,
D4,LED-SMD_XL-1606,1,RPI PWR,
D75,SOT-323_SC-70,1,BAT54CW,
D88,LED-SMD_XL-1606,1,PCIe ACT,
D89,D_SOD-128,1,PMEG4050EP,
F1,0805,1,200mA,
H5,MountingHole_2.7mm_M2.5_DIN965_Pad_TopBottom,1,KEY,
J1,TestPoint_THTPad_1.5x1.5mm_Drill0.7mm,1,SPK_L,
J10,TestPoint_THTPad_1.5x1.5mm_Drill0.7mm,1,BAT+,
J11,AUDIO-SMD_PJ-3420-A-SMT_C319102,1,HEADPHONE,
J12,TestPoint_THTPad_1.5x1.5mm_Drill0.7mm,1,BAT-,
J13,USB_C_Receptacle_HRO_TYPE-C-31-M-12,1,TYPE C,
J14,FPC-SMD_17P-P0.60_HRS_FH35C-17S-0.3SHW,1,FH35C-17S-0.3SHW(50),
"J15, J16",REF,2,CM5,
J17,PCI-APCI0079-P002A,1,Bus_M.2_Socket_M,
"J18, J19",U-A-39DS-Y-1,2,U-A-39DS-Y-1,
J2,HDMI_A_Molex_208658-1001_Horizontal,1,HDMI_A_1.4,HC-HDMI0019T-4
J20,REF,1,display,
"J21, J4",TestPoint_THTPad_1.5x1.5mm_Drill0.7mm,2,SPK_R,
"J22, J6",TestPoint_THTPad_1.5x1.5mm_Drill0.7mm,2,SPK_GND,
J23,TestPoint_THTPad_1.5x1.5mm_Drill0.7mm,1,+5V,
J24,TestPoint_THTPad_1.5x1.5mm_Drill0.7mm,1,GND,
J3,FFC-SMD_22P-P0.50_X05A20L22T,1,CSI 1,X05A20L22T
J5,TF-SMD_TF-01A,1,Micro_SD_Card,TF-01A
J7,MOLEX_0781710004,1,USB,
J8,JST_PH_S2B-PH-SM4-TB_1x02-1MP_P2.00mm_Horizontal,1,BATTERY,
J9,AFC07-S40ECA-00,1,AFC07-S40ECA-00,
L1,0603,1,BLM18BD252SN1,
L2,L_Sunlord_SWPA252012S,1,1uH,
"L3, L5",L_Sunlord_MWSA0618S,2,MWSA0618S-2R2MT,
L30,L_Sunlord_SWPA4010S,1,SWPA4012S100MT,
L4,L_Sunlord_MWSA0624S,1,MWSA0624S-1R0MT,
L9,0805,1,PSBHAA201210H-681T040,C85824
Q1,Diodes_PowerDI3333-8,1,DMP3013SFV,
"Q2, Q3",SOT-23,2,AO3400A,
R1,0603,1,2R,
"R10, R11, R13, R15",0402,4,36k,
R12,0402,1,12k,
"R14, R7",0402,2,0R,
"R16, R17, R43, R45",0402,4,22R,
"R18, R19, R3, R4, R52",0402,5,1k,
"R2, R21, R24, R25, R28, R29, R30, R33, R35, R44, R46, R50, R51",0402,13,10k,
R20,0402,1,10.5k,
"R22, R9",0402,2,100k,
R23,0402,1,1.5k,
"R26, R27, R53",0402,3,100k,
"R31, R38",0402,2,15k,
"R32, R49",0402,2,220R,
R34,1206,1,10R,
R36,0603,1,0.5R,
"R39, R40",0402,2,5.1k,
"R41, R6",0402,2,33.2k,
R42,0402,1,0R,
R5,0402,1,120k,
R56,0402,1,267k,
R57,0402,1,113k,
R58,0402,1,23.7k,
R59,0402,1,220k,
R60,0402,1,69.8k,
R8,0402,1,10k,
SW1,KEY-SMD_TX-1010-X-X,1,PI WAKEUP,
"SW10, SW11, SW12, SW13, SW14, SW15, SW16, SW18, SW19, SW20, SW22, SW23, SW24, SW25, SW26, SW28, SW29, SW30, SW31, SW33, SW34, SW35, SW38, SW39, SW4, SW40, SW41, SW43, SW44, SW45, SW46, SW48, SW49, SW5, SW50, SW51, SW6, SW7, SW9",SW_TS18-5-25-SL-260-SMT-TR,39,TS18,
SW17,KEY-SMD_TX-1010-X-X,1,POWER,
SW2,SW_SPST_CK_KXT3,1,RESET,
SW21,KEY-SMD_TX-1010-X-X,1,DISPLAY BACKLIGHT,
SW27,SSSS812201,1,SSSS812201,
SW3,KEY-SMD_TX-1010-X-X,1,VOL DWN,
SW8,KEY-SMD_TX-1010-X-X,1,VOL UP,
"TP11, TP5",TestPoint_Pad_D1.0mm,2,nEXTRST,
TP12,TestPoint_Pad_D1.0mm,1,nPiBOOT,
"U1, U15",SOT-23-6,2,TPS565208DDCR,
U10,SOT-666,1,USBLC6-2P6,
"U12, U13",WDFN-6_L2.0-W2.0-P0.65-BL-EP-1,2,AP2553FDC-7,
"U16, U5",UQFN-10_1.4x1.8mm_P0.4mm,2,TS3USB30ERSWR,
U17,QFN-56-1EP_7x7mm_P0.4mm_EP3.2x3.2mm,1,RP2040,
U18,HTSOP-8-1EP_3.9x4.9mm_P1.27mm_EP2.4x3.2mm,1,IP5306,
U19,SOIC-8_5.3x5.3mm_P1.27mm,1,W25Q128JVS,
U2,X2SON-8_1.4x1mm_P0.35mm,1,TXS0102DQE,
U21,LLP-6_L2.0-W1.8-P0.50-BL-EP,1,VRD1828MLX,
U22,IC_TPS61088RHLR,1,TPS61088RHLR,
U23,SOT-23-3,1,XC6206PxxxMR,
U25,Texas_X2QFN-12_1.6x1.6mm_P0.4mm,1,FUSB303BTMX,C895444
U26,SOT-23-5,1,AP22814AW5,
U27,SOT-23-5,1,AP22814BW5,
U3,QFN-36-1EP_6x6mm_P0.5mm_EP3.7x3.7mm_ThermalVias,1,USB2514B_Bi,
U57,SOT-23-5,1,LMR62014XMFX,
U6,Raspberry-Pi-5-Compute-Module,1,RPi-CM5,
U7,SOT-353_SC-70-5,1,SN74LVC1G07DCKR,
U8,MIC-SMD_4P-L2.8-W1.9_S15OT421-005,1,S15OT421-005,
U9,LQFP-48_7x7mm_P0.5mm,1,CM108,
Y1,Crystal_SMD_Abracon_ABM8G-4Pin_3.2x2.5mm,1,24MHz,C156248
Y2,Crystal_SMD_SeikoEpson_FA238-4Pin_3.2x2.5mm,1,12MHz,
Y3,Oscillator_SMD_SiT_PQFN-4Pin_3.2x2.5mm,1,OK2JI-111-32.768K,
